<?xml version="1.0" encoding="UTF-8"?>
<project-private xmlns="http://www.netbeans.org/ns/project-private/1">
    <editor-bookmarks xmlns="http://www.netbeans.org/ns/editor-bookmarks/2" lastBookmarkId="0"/>
    <open-files xmlns="http://www.netbeans.org/ns/projectui-open-files/2">
        <group>
            <file>file:/C:/Users/Saul/Desktop/servicios/web/index.html</file>
            <file>file:/C:/Users/Saul/Desktop/servicios/src/java/soap/calculadora.java</file>
            <file>file:/C:/Users/Saul/Desktop/servicios/src/java/soap/login.java</file>
            <file>file:/C:/Users/Saul/Desktop/servicios/src/java/rest/ConvertidorResource.java</file>
            <file>file:/C:/Users/Saul/Desktop/servicios/src/java/rest/ApplicationConfig.java</file>
        </group>
    </open-files>
</project-private>
